[
	{
		"server": "localhost:5432", 
		"databases": [
			{
				"database": "test",
				"schema": "public",
				"table": "user_right"
			}, 
			{
				"database": "ideas_production_commercial_dev_3_1_test",
				"schema": "telekom_1",
				"table": "pre_qs_setting_1"
			},
			{
				"database": "ideas_production_commercial_dev_3_1_test",
				"schema": "gema_i_k",
				"table": "pre_qs_category"
			}
		],
		"username": "postgres",
		"password": "123456",
		"project":"Telekom_1",
		"users": [
			"nvhviet",
			"htvy"
		],
		"environment": "Dev"
	},
	{
		"server": "10.10.15.52:5432",
		"databases": [
			{
				"database": "ideas_production_commercial_dev_3_1",
				"schema": "public",
				"table": "user_right"
			},
			{
				"database": "ideas_production_commercial_dev_3_1",
				"schema": "telekom",
				"table": "pre_qs_setting"
			}
		],
		"username": "postgres",
		"password": "Test$&789",
		"project":"Telekom",
		"users": [
			"nvhviet",
			"htvy"
		],
		"environment": "Dev"
	}
]