<?xml version="1.0" encoding="UTF-8"?>
<configuration debug="false">
	<include resource="org/springframework/boot/logging/logback/base.xml" /> 
    
    <property name="LOG_DIR" value="./log/"/>
    <property name="LOG_FILE" value="extraction-service-watson"/>
	<!-- <appender name="TCP" class="net.logstash.logback.appender.LogstashTcpSocketAppender">
		<destination>10.10.15.192:4560</destination>
		<encoder class="net.logstash.logback.encoder.LogstashEncoder">
			<includeCallerInfo>true</includeCallerInfo>
			<customFields>{"index":"extraction-service-watson"}
			</customFields>
		</encoder>
	</appender> -->
	
	<appender name="FILE" class="ch.qos.logback.core.rolling.RollingFileAppender">
		<file>${LOG_DIR}/${LOG_FILE}.log</file>
		<encoder>
            <pattern>%d{yyyy-MM-dd HH:mm:ss.SSS} %-5level -- [%20t] -- %-40.40logger{39}: %msg%n</pattern>
        </encoder>
		<rollingPolicy class="ch.qos.logback.core.rolling.TimeBasedRollingPolicy">
			<!-- daily rollover -->
			<fileNamePattern>${LOG_DIR}/${LOG_FILE}.%d{yyyy-MM-dd}.zip</fileNamePattern>
		</rollingPolicy>
	</appender>
  
  <root level="INFO">
    <appender-ref ref="FILE" />
  </root>
  
</configuration>