<?xml version = "1.0" encoding = "UTF-8"?>
<beans xmlns = "http://www.springframework.org/schema/beans"
   xmlns:xsi = "http://www.w3.org/2001/XMLSchema-instance"
   xsi:schemaLocation = "http://www.springframework.org/schema/beans http://www.springframework.org/schema/beans/spring-beans-3.0.xsd">

   <bean id="messageHello" class = "com.springcore.DefinitionInheritance.MessageHello">
      <property name="message1" value = "Hello Message!"/>
      <property name="message2" value = "Hello Second Message!"/>
   </bean>

   <bean id="messageHi" class = "com.springcore.DefinitionInheritance.MessageHi" parent = "messageHello">
      <property name="message1" value = "Hi Message!"/>
      <property name="message3" value = "Namaste Message!"/>
   </bean>
</beans>