<?xml version="1.0" encoding="UTF-8"?>
<beans xmlns="http://www.springframework.org/schema/beans"
	   xmlns:xsi="http://www.w3.org/2001/XMLSchema-instance"
	   xsi:schemaLocation="http://www.springframework.org/schema/beans http://www.springframework.org/schema/beans/spring-beans-4.0.xsd">
	
	<!-- 
		init-method = "init" 		will be mapping to method init() of class MessageLifeCycle
		destroy-method = "destroy"  will be mapping to method destroy() of class MessageLifeCycle
		NOTE: value of both attribute 'init-method' and 'destroy-method' IS NAME of method of class that. 
	 -->
	<bean id="lifeCycleMessage" class="com.springcore.LifeCycle.MessageLifeCycle" init-method="init123" destroy-method="destroy123">
		<property name="message" value="Hello world!" />
	</bean>
	
</beans>





<!-- 	
											Default initialization and destroy methods 
If you have too many beans having initialization and/or destroy methods with the same name, you don't need to declare init-method and destroy-method on each individual bean. 
Instead, the framework provides the flexibility to configure such situation using default-init-method and default-destroy-method attributes on the <beans> element as follows
	
	<beans xmlns = "http://www.springframework.org/schema/beans"
   		xmlns:xsi = "http://www.w3.org/2001/XMLSchema-instance"
   		xsi:schemaLocation = "http://www.springframework.org/schema/beans http://www.springframework.org/schema/beans/spring-beans-4.0.xsd"
   		default-init-method = "init" 
   		default-destroy-method = "destroy">

	   <bean id = "..." class = "...">
	      .....
	   </bean>
   
	</beans>
-->
