[
	{
		"project": "gema",
		"environment": "dev",
		"logFolders": "C:/Users/htvy/Documents/data-file/file-data",
		"server": "localhost:5432",
		"database": "ideas_production_commercial_dev_3_1_test",
		"username": "postgres",
		"password": "123456"
	},
	{
		"project": "telekom",
		"environment": "dev",
		"logFolders": "C:/Users/htvy/Documents/data-file/file-data2",
		"server": "10.10.15.52:5432",
		"database": "ideas_production_commercial_dev_3_1",
		"username": "postgres",
		"password": "Test$&789"
	},
	{
		"project": "data",
		"environment": "dev",
		"logFolders": "C:/Users/htvy/Documents/data-file/file-data3",
		"server": "10.10.15.52:5432",
		"database": "ideas_production_commercial_dev_3_1",
		"username": "postgres",
		"password": "Test$&789"
	}
]